MID,Mname,street,city,phonumber
2,"Rhonda Cummings","21385 Nichols Ramp",Sarahtown,640.527.1362
3,"Frederick Price","02738 Flynn Inlet",Stricklandstad,0005532313
4,"Patrick Webb","30201 Reyes Vista","North Richard",+1-373-840-6931
5,"Morgan Hill","523 Ibarra Mall Apt. 041","West Thomas",238-092-6309
6,"Matthew Benson","9428 Cody Course","East Kyle",(103)391-9965
7,"William Houston","5399 Martin Crossing",Bakerstad,374-304-9042
10,"Tiffany Paul","55569 Snyder Station","New Ashleyland",646-603-3526
11,"Stephanie Walker","959 Nancy Squares Apt. 608",Youngchester,609-230-8570
12,"Michelle Ramos","08597 Chelsea Run",Veronicaborough,4666077255
13,"Johnathan Freeman","937 Merritt Fort Apt. 022","Lake Matthewmouth",(894)342-9569
16,"Whitney Villa","277 Shaffer Plaza Suite 327","South Kathryn",417.835.8376
22,"Norman Chambers","5866 Sara Ranch","South Hailey",(413)040-9273
25,"Joshua Silva","054 Sherman Views","Port Kenneth",(953)754-6877
31,"Aaron Washington","3880 Michael Crossing Suite 008","East Amanda",701-493-0472
36,"Christopher Friedman","62709 Knight Streets Apt. 300",Samanthatown,(219)390-5776
37,"Joseph Lowe","663 Keith Ridges","West Lisa",+1-549-433-5382
38,"Gabriel Marsh","551 Nicole Villages","East Jerry",9262272743
39,"David Rogers","055 George Land Suite 387","West Jorge",408.509.5311
41,"Michael Thompson","4337 Jennifer Shores Suite 791",Medinamouth,+1-021-633-4205
43,"Jeremy James","257 Carter Ways Apt. 276","East Kevinport",1591894933
52,"Jasmine Lara","5323 Zavala Ville Suite 498",Susanview,112-428-5056
59,"Debra Morgan","0540 Tiffany Estate Apt. 103","South Lisa",(766)498-2582
60,"Cynthia Stokes","29338 Daniel Street",Amandamouth,164.464.6532
65,"Matthew James","885 Warren Rest","South Emily",(248)836-6321
68,"Emily Smith","389 Aaron Stream Apt. 268","South Daniel",144.058.2950
72,"Wendy Richardson","8966 Cassandra Neck Suite 836","South Rogerport",758-530-1478
73,"Travis Velazquez","07356 Shawn Point Apt. 637","South Aaronville",+1-461-689-2772
81,"David Fitzpatrick","0058 Parrish Crossroad","Lake Miguel",2225109773
82,"Sheila Perez","266 Ryan Glens","West Raymondhaven",1559292578
83,"Troy Hill","64731 Vanessa Roads",Ramosmouth,508-053-8856
84,"Peter Sloan","290 Phillip Tunnel Apt. 852","Port Cristina",390.332.9593
86,"Amanda Bishop","324 Tiffany Track",Caseyside,(695)070-8476
87,"Kevin Cooke","3675 Amber Fords","North Scott",+1-241-192-8625
89,"Connie Calhoun","18229 Timothy Springs Suite 918",Boothview,5536265304
94,"Ryan Davis","1088 Hernandez Cove",Leahton,030.744.0515
97,"Phillip Gonzalez","2202 Edwin Neck Suite 852",Robertshire,+1-796-046-5242
99,"Jason Molina","3060 Traci Plaza Suite 254","East Yvonnechester",+1-392-191-2359
102,"Lisa Paul","825 Bowman Manor","New Judith",899.479.7234
107,"Melissa Ross","851 Rachel Shoal Suite 526","New Carlos",029-687-3905
109,"Thomas Adams","11961 Le Vista Suite 235","West Benjamin",(405)434-3049
110,"Nicholas Serrano","515 Sydney Crossing","Lake Hannah",747-137-2230
111,"Daniel Long","89794 Laura Villages",Jasmineburgh,086.203.6324
115,"Brian Romero","550 Taylor Loop",Robertville,9877218735
116,"Betty Chambers","30233 Nguyen Street Apt. 122","East Donna",259.843.6664
117,"Rebecca Day","762 Mark Views","New Melindachester",(983)449-1726
119,"Maria Mays","73194 Morris Spurs Apt. 131",Brianside,(050)763-2956
121,"Todd James Jr.","009 Sampson Station",Millsland,2150489585
122,"Brady Hanson","2884 Kyle Overpass Apt. 629","Lake Amanda",656.370.5613
123,"Rebecca Manning","15303 Jeffery Isle Suite 555","Port Richard",(798)778-4341
124,"William Clark","7932 Ian Field Apt. 678",Johnsonmouth,260-220-9668
125,"Maria Moore","649 Bowen Trafficway","East Christopherbury",801.209.5432
127,"Caitlin Wallace","224 Aguirre Valleys",Rileyton,750-586-2191
128,"Christine Hamilton","1018 Joel Brooks Suite 264",Brownmouth,1311664465
130,"Diane Jackson","07281 Katherine Row",Jeremyhaven,(593)924-9927
132,"Keith Warner","88514 Kimberly Isle Suite 145","South Amy",(367)074-7735
134,"Allison Baker","684 Ronald Locks",Scottland,192-507-5755
136,"Sharon Rodriguez","23957 Ramirez Circles","Lake Anthony",042.391.2618
137,"Joseph Durham","9887 Kristi Locks Suite 149",Claytonstad,(882)387-7158
139,"Erica Molina","041 Lowe Stravenue Apt. 916","South Rosechester",4498705646
140,"Sara Nguyen","5580 Clark Mews Suite 904","East Jonathanville",220-301-7603
144,"William Macias","6151 Breanna Shoals","East Tammieport",724.330.6808
147,"Ronald Zamora","83952 Rivera Wall Apt. 915","New Mariatown",(568)546-6783
149,"Samuel Conrad","085 Melissa Harbor Apt. 328",Reginafurt,6260786929
150,"Vincent Erickson","60568 Davis Forges Apt. 253",Michaelport,035.659.9946
153,"Fernando Chang","165 Moon Fields Apt. 572","West Walter",456-463-2425
157,"Meghan Mosley","482 Allen Port Suite 220","Lake Vickitown",764.548.1811
164,"Christopher Harvey","03294 Larson Garden",Kingview,722-557-3494
166,"Jamie Barry","638 Ford Locks","Port Eileen",(998)239-6704
168,"Chelsea Joseph","7127 Matthews Plain Apt. 987",Benjaminstad,194-087-6103
171,"James Carter","287 Johnson Pines Suite 828","East Joeland",456-640-8170
174,"Justin Carson","50115 Carr Keys","Port Javier",210-390-5522
176,"Adrian Robinson","0782 Nicole Manors Apt. 450","New James",(064)969-9102
179,"Carl Sellers","904 Jimenez Row Suite 387",Kingville,+1-325-533-5683
180,"Mathew Davenport","3164 Glenn Via Suite 210",Silvabury,410.276.6715
185,"Michael Walton","9419 Hernandez Villages Suite 115","West Thomasburgh",(815)209-9868
186,"Stephen Mcclure","964 Orozco Villages","West Johnmouth",390.448.0306
187,"Douglas Hamilton","135 Jaime Harbors",Samanthaside,371-269-8796
189,"Curtis Johnson","714 Anderson Mountains Apt. 508",Moraleston,281.508.9091
190,"Sherry Smith","9533 Carrillo Land Suite 524","Lake Jason",3141245627
195,"Dennis Nelson","007 Ryan Landing Apt. 899","New Gail",517-879-3180
196,"Philip Sawyer","242 Patel Extensions Apt. 575","North Mark",022.238.5966
197,"Robert Harrison","6931 Stacie Burg Apt. 015",Garciaborough,896.496.9297
198,"Jessica Perez","3205 Frederick Road","North Theresaburgh",124-068-1008
