mus_ID,instrument_name
2,Saxophone
4,Flute
4,Trumpet
4,Violin
5,Cello
5,Drums
5,Guitar
5,Trumpet
11,Trumpet
12,Drums
12,Saxophone
12,Violin
13,Violin
16,Cello
16,Saxophone
25,Drums
36,Saxophone
39,Saxophone
41,Guitar
43,Violin
52,Cello
52,Saxophone
52,Violin
65,Flute
72,Guitar
73,Violin
81,Violin
82,Flute
82,Trumpet
83,Drums
83,Violin
86,Violin
87,Cello
94,Flute
99,Drums
99,Guitar
107,Saxophone
109,Violin
110,Violin
111,Drums
111,Guitar
111,Violin
115,Cello
117,Cello
117,Piano
122,Guitar
124,Flute
125,Flute
127,Piano
136,Cello
136,Saxophone
136,Trumpet
139,Trumpet
140,Piano
140,Violin
144,Guitar
149,Drums
149,Guitar
149,Piano
149,Violin
150,Guitar
150,Violin
153,Guitar
157,Guitar
164,Cello
164,Trumpet
166,Saxophone
168,Violin
174,Guitar
179,Cello
180,Guitar
185,Piano
185,Trumpet
186,Guitar
186,Trumpet
187,Drums
195,Drums
196,Cello
196,Trumpet
197,Drums
197,Flute
198,Flute
