songID,title,author,album_title
2,"Effect me","Mary Kane",Yes
3,Name,"Shelby Schultz","Total edge"
5,"Choice hope","David Franklin","Window road"
7,Fast,"Amanda Estrada","Manager night painting management"
16,Ok,"Latoya Ayala","Hear kind"
17,Resource,"Mrs. Patricia White MD","Role want"
20,Similar,"Rachel Navarro","With structure"
26,Fish,"Savannah Ross",Yes
28,Necessary,"Maria Key","Threat fire already"
33,Almost,"Teresa Ortiz","Lot discuss"
34,Improve,"Jessica Alexander","End hear"
40,Mouth,"Teresa Morse","Industry town"
49,Fine,"Sonya Murphy DVM","With structure"
56,"Democrat base","Edward Craig","Lot discuss"
61,Provide,"Stephanie Reynolds","Majority cover"
64,"Top time","Julia Thompson",Minute
70,Whose,"Jonathan Brady","Continue good decade"
71,Might,"Logan Hernandez","Continue good decade"
73,Determine,"Justin Roberson","Well process"
74,"Moment true","Timothy Young","Sit change"
76,Task,"Jacob Spence","Politics room"
78,Challenge,"Richard Roberts","Medical history occur"
87,"Team PM","Chris Gray","Medical history occur"
88,Suddenly,"Karen Bell","Your worry this"
90,"Reveal represent","Samuel Davis","Similar ever may red"
91,"Although detail","Jessica Goodman","Front strong"
93,Site,"Kristen Fischer","Well process"
96,"Century community","Ross Chavez","Decision after fish"
99,From,"Brandon Jackson","Politics room"
100,Including,"Jeanette Bishop","Skill western new"
101,Relate,"Mario Armstrong","Probably firm reason"
107,Model,"Christine Allen","Glass animal happen"
108,"Become set","Erica Campbell","Environment ten again"
110,"Much cup","Donna Price",Minute
113,"Hot share","Dennis Johnson","Sit change"
114,Myself,"Kenneth Owens","Well process"
115,Factor,"Michael Howard","Develop growth themselves"
117,Home,"Scott Gibson","Woman guess"
118,"Campaign impact","Kara Carr","While structure government dream"
119,Check,"Daniel Winters",Available
120,Phone,"Michael Baker","Trade southern now"
123,Manage,"Aaron Green","Sound yes"
126,"Adult knowledge","Joseph Smith","Hear kind"
128,Better,"Jasmine Morse","Others throw your"
132,"Music amount","Todd Perez","Born tend experience"
134,"Account conference","Eric Jones","Dog clear computer"
136,"Method opportunity","Jeffrey Torres","Establish until"
137,"Likely employee","Melanie Stevens","Without recognize"
138,"Cup always","Dan Bailey","Activity whole measure take"
139,Phone,"Heather Webb","Manager night painting management"
143,"Shake Mr","Jamie Sutton",Minute
146,"Base example","Jamie Miller","Entire now"
147,Leave,"Amanda Howell","Similar ever may red"
149,Word,"Melissa Rocha",Relate
151,Statement,"Jessica Suarez","Establish until"
152,Up,"Donald Taylor","Visit a"
153,"Reveal step","Antonio Harris","Activity whole measure take"
157,Though,"Ryan Dillon","Medical history occur"
159,"Smile improve","Andrew Bernard",Mrs
163,"Shake question","Willie Yates","Year close"
164,"Technology account","Rhonda Mccall","Threat fire already"
165,"Order set","Kevin Johnson","Moment describe training"
167,"Beautiful Democrat","Kristie Murphy","Relate international level task"
169,Base,"Richard Pearson","Care program Democrat reduce"
170,"Also item","Michelle Abbott","Your worry this"
171,Exist,"David Castaneda","Industry town"
172,Open,"Wesley Montgomery",Public
173,"Young can","Matthew Stafford","Method source finally"
176,"Forward senior","Logan Nixon","Through say"
177,"Medical learn","Debra Martin","Consider machine professor"
180,Different,"Antonio Richards","Yard tax"
182,Page,"Christina Johnson","Consider machine professor"
184,Executive,"Nicole Lee PhD","Sit change"
187,Bed,"Diane Griffith","Similar ever may red"
192,Clear,"William Gonzalez","Woman guess"
193,"Down wish","Kimberly Ortiz","Without recognize"
195,Simply,"Katrina Martinez DVM","Role want"
199,"Development seek","Wendy Vaughan","Medical history occur"
